-- MySQL dump 10.13  Distrib 5.6.14, for Win32 (x86)
--
-- Host: localhost    Database: djdb1
-- ------------------------------------------------------
-- Server version	5.6.17

/*!40101 SET @OLD_CHARACTER_SET_CLIENT=@@CHARACTER_SET_CLIENT */;
/*!40101 SET @OLD_CHARACTER_SET_RESULTS=@@CHARACTER_SET_RESULTS */;
/*!40101 SET @OLD_COLLATION_CONNECTION=@@COLLATION_CONNECTION */;
/*!40101 SET NAMES utf8 */;
/*!40103 SET @OLD_TIME_ZONE=@@TIME_ZONE */;
/*!40103 SET TIME_ZONE='+00:00' */;
/*!40014 SET @OLD_UNIQUE_CHECKS=@@UNIQUE_CHECKS, UNIQUE_CHECKS=0 */;
/*!40014 SET @OLD_FOREIGN_KEY_CHECKS=@@FOREIGN_KEY_CHECKS, FOREIGN_KEY_CHECKS=0 */;
/*!40101 SET @OLD_SQL_MODE=@@SQL_MODE, SQL_MODE='NO_AUTO_VALUE_ON_ZERO' */;
/*!40111 SET @OLD_SQL_NOTES=@@SQL_NOTES, SQL_NOTES=0 */;

--
-- Table structure for table `bqsm`
--

DROP TABLE IF EXISTS `bqsm`;
/*!40101 SET @saved_cs_client     = @@character_set_client */;
/*!40101 SET character_set_client = utf8 */;
CREATE TABLE `bqsm` (
  `idbqsm` longtext
) ENGINE=InnoDB DEFAULT CHARSET=utf8;
/*!40101 SET character_set_client = @saved_cs_client */;

--
-- Dumping data for table `bqsm`
--

LOCK TABLES `bqsm` WRITE;
/*!40000 ALTER TABLE `bqsm` DISABLE KEYS */;
INSERT INTO `bqsm` VALUES ('鑫奕软件授权许可协议\n\n最终用户许可协议\n用户须知：请仔细阅读本合约。在使用本软件的所有或任何部分前，应接受本协议中规定的所有条款和条件，特别是其中对下列内容的限制：(a) 使用（第 2 部分）；(b) 可转让性（第 4 部分）、担保（第 6 和第 7 部分）以及责任（第 8 部分）。您同意本协议与由您签署的任何通过谈判订立的书面协议一样可以实施。如不同意，请不要使用本软件。如果您从有形介质（如 CD）上获得本软件时没有机会查看许可证，而且您不接受本协议，那么在下述情形中可以退还您所付的金额：(A) 不使用本软件 \n1.  定义。“本软件”指 (a) 随附了本协议的文件、磁盘、CD-ROM 或其它介质的所有内容，其中包括但不限于 (i)第三方计算机信息或软件；(ii) 数字图像、常备照片、剪贴画、语音或其它艺术作品（“常备文件”）；(iii) 相关的说明性书面材料或文件（“文档”）和 (iv) 字体；以及 (b)您使用的本软件的升级版、修改版、更新、添加内容及副本（如果有的话），这些统称“更新版”。“使用”或“正在使用”指依据文档访问、安装、下载、复制或以其它方式从对本软件做功能性使用而获益。“授权数量”如未经 授予的有效许可证（如，容量许可证）另行指明，则为一 (1)。“计算机”指以数字或类似形式接受信息并基于指令序列处理信息以获得特定结果的电子设备。\n2. 软件许可证。只要您遵守本最终用户许可协议（“协议”）的条款，即会授予您非独占性的许可证，允许您依据文档中描述的用途使用本软件。本软件中包括的某些第三方材料可能会受其它条款或条件的约束，这通常可以在这些材料随带的自述文件中找到。\n2.1.  常规使用。您可以在兼容机上安装和使用本软件的副本（计算机数量不得超过“授权数量”）\n2.2.  服务器使用。您可以在计算机文件服务器上安装本软件的一个副本，以供内部网络中的其它计算机（不超过授权数量）下载和安装本软件；或者在计算机文件服务器上访问或使用本软件的用户总数不超过授权数量的前提下，以通过内部网络中其它计算机上的命令、数据或指令（如，脚本）在内部网络的计算机文件服务器上安装本软件的一个副本的方式单一专有使用本软件。不允许任何其它网络使用，包括但不限于，直接或者通过来自或发给非内部网络计算机的命令、数据或指令使用本软件，为 Internet 或 Web 宿主服务使用本软件或者由未经 有效许可证许可的任何用户使用该软件副本；以及\n2.3.  备份副本。您可以制作一个软件副本，前提条件是不在任何计算机上安装或使用该副本。除非按第 4 部分所述将本软件的所有权限转让给备份副本，否则不得将权限转让给该副本。\n2.4.  家庭使用。您，作为安装了本软件的计算机的主要使用者，还可以在自己的家用计算机上安装本软件。但是，当在主要计算机上使用本软件时，不得同时在家用计算机上使用本软件。\n2.5.  常备文件。除非在与常备文件相关联的自述文件（有可能包括与常备文件相关的权限和限制）中另行指明，否则您可以显示、修改、复制和分发本软件附带的任何常备文件。但是，不得独立（即，当常备文件构成被分发产品的主要价值时）分发常备文件。不得使用常备文件来制作诽谤、诬蔑、欺骗、猥亵、淫秽或色情材料或者任何侵犯第三方知识产权或以其它不合法方式侵权的材料。您不得在常备文件或其派生作品中主张商标权。\n2.6. 字体软件。如果本软件包括字体软件 — \n2.6.1. 您可以在授权数量的计算机上使用上述字体软件并在与这些计算机相连的设备上输出该字体软件。 \n2.6.2. 如果授权计算机数量小于或等于五，您可以将字体软件下载到一台与这些计算机中至少一台相连的输出设备的存储设备（硬盘或内存），以使该字体软件能够驻留在输出设备中，而且对每五台（授权数量）计算机即可向一台此类输出设备下载一次。 \n2.6.3. 您可以将为某个特定文件使用的字体的副本带给印刷商或其它服务中心，只要此服务中心有使用该特定字体软件的有效许可证，它即可使用这些字体处理您的文件。 \n2.6.4. 您可以将字体软件转换和安装成另一种格式，以便在其它环境中使用，但要受到下列条件的约束：使用或安装该已转换字体软件的计算机将被视为授权数量计算机中的一台。对所转换字体软件的使用应遵守本协议的所有条款和条件。此类转换的字体软件只能在您通常的内部业务中使用或供个人使用，您不能为任何目的而对其进行分发或转让（当符合下文“转让”部分的条款时又另当别论）。 \n2.6.5 您可以将字体软件或字体软件的轮廓嵌入电子文档中，前提条件是字体厂商版权所有者允许进行此类嵌入。本软件包中的字体可能同时包含 所有和非所有的字体。您可以完全嵌入拥有的任何字体。请参考字体样本表或字体信息文件，以确定字体的所有者。参见“文档”，以获知如何访问上述表和文件的位置和信息。 \n\n3. 知识产权。本软件授权您制作的任何副本均为软件供应商的知识产品，且归其所有。本软件的结构、组织和代码均为供应商的有价商业秘密和保密信息。本软件受版权法保护，其中包括但不限于《美国版权法》、国际协约条款以及使用本软件国家的所适用的法规。除非遵守第 2 部分（“软件许可证”）的条款，否则不得复制本软件。依据本协议允许您制作的任何副本所包含的版权和其它所有权声明必须与本软件上或本软件中使用的相同。除在第 2.6.4 部分中许可的将字体软件转换为其它格式外，您须同意不修改、改编或翻译本软件。您还须同意不进行逆向工程、反编译、反汇编或以其它方式尝试发现本软件的源代码，当明示允许您遵照适用的法规进行反编译时又另当别论，当您为达到本软件与其它软件程序的可操作性已请求过提供必要的信息而又没有提供此信息时，这样做是至关重要的。有权在提供此信息前提出合理条件并收取合理费用。如下文所允许的情形，提供的或您获得的任何信息只能由您为此处讲述的目的而使用，不得透露给任何第三方或用于创建任何与本软件风格基本相似的软件。获取信息的请求应直接发给客户支持部门。商标的使用（其中包括商标所有者名称的标识）应遵循公认的商标惯例。商标只能用于标识由本软件生成的打印输出，且这样使用商标并不表示您拥有该商标的任何所有权。除非上述的明示陈述，否则本协议不授予您对本软件的任何知识产权。 \n\n4. 转让。除非在此处有明示许可，否则不得对本软件的所有或任何部分进行租用、出租、发放子许可证或授权而将其复制到其它用户计算机上。但是您可以将使用本软件的所有权限转让给他人或其它法律实体，前提是：(a) 您还将本协议、本软件和与本软件捆绑或预安装在一起的所有其它软件或硬件（包括所有副本、更新版和先前版本）以及转换为其它格式的字体软件的所有副本转让给他人或其它实体；(b) 您不留任何副本，包括计算机上存储的备份和副本；以及 (c) 接收方接受本协议的条款和条件以及您合法为本软件购买许可证时接受的任何其它条款和条件。尽管有前述内容，您还是不能转让本软件的教学、预发行或非转售副本。 \n\n5. 多环境软件 / 多语言软件 / 双媒体软件 / 多副本 / 捆绑 / 更新版。如果本软件支持多平台或多语言，如果是在多种媒体上获得本软件、如果以其它方式获得本软件的多个副本或者如果您得到的是与其它软件捆绑在一起的本软件，那么安装了本软件所有版本的计算机总数不得超过授权数量。不得对您不使用的本软件的任何版本或副本进行租用、出租、子许可证发放、借贷或转让。如果本软件是对先前版本的更新，您必须对该先前版本拥有有效的许可证，方可使用更新版。您在收到更新版后可以继续使用本软件的先前版本，以便帮助您过渡到更新版，前提条件是：更新版与先前版本安装在同一台计算机上；不将先前版本或其中的副本转让给另一方或计算机，除非将更新版的所有副本也转让给该方或计算机；以及您同意本软件先前版本进行支持的任何义务将在更新版生效时终止。 \n\n6. 有限担保。向愿遵照本许可证的条款使用本软件而最先购买许可证的个人或实体保证，当在建议的硬件配置上使用本软件时，其性能在购得后九十天内与文档所述基本一致。与文档的非根本性不同不构成担保权限。本有限担保不适用于本软件的更新版、转换为其它格式的字体软件、预发行版、试用版、产品集锦或非转售 (NFR) 副本。要进行保证索赔，必须在购得本软件后九十 (90) 天内将本软件连同购买凭据退回购买地点。如果本软件的性能与文档所述有重大差异，全部责任以及您的专有赔偿将限于更换本软件或退回您为本软件购买许可证的费用，使用哪种方法将由软件供应商决定。本节中制定的有限担保将给予您特定的法律权限。而所在的地区不同，附加的权限也有所不同。要获取进一步的担保信息，请参见文档末尾的地区特定信息（如适用于您的话）或者与软件供应商的客户支持部门联系。\n\n7.  免责声明。前述有限担保规定了当供应商违反保证时的唯一和专有赔偿方式。供应商不保证也无法保证您使用本软件时的性能和结果。除非在贵国依所适用的法律，前述的有限担保以及任何形式的其它保证条件、陈述或条款均不得被排除或限制，供应商对其它无论是依法规、普通法、惯例使用或其它任何情况下都不以明示或默示的方式承担保证责任，包括但不限于不侵犯第三方权益、商销性、完整性、质量满意或适用于特定用途。 \n8. 责任限制。供应商在任何情况下都不对任何损失、索赔或费用或任何相应而生、间接、意外、惩罚或特殊性的损失或任何失去的利润或储蓄承担任何责任，即使代表已被告知出现这种损失、伤害、索赔或费用的可能性，供应商也不对任何第三方的索赔或费用承担责任。前述限制和除外责任在您所在地区的适用法律允许时适用。无论依据合同法或侵权法（在每一种情况下包括但不限于疏忽）或其他情况下，依照本协议或与本协议有关的供应商所承担的集合责任或以其它方式规定的责任均限于购买本软件所支付的款项（如果有的话）。由于供应商疏忽所造成的死亡或个人伤害以及欺骗（诈骗）这种侵权行为，均不受本协议规定的内容限制。供应商放弃、拒绝和／或限制本协议中提供的责任、担保和义务，但不在其它方面或为其它目的代表其供应商。要获取进一步的信息，请参见本协议末尾的地区特定信息（如适用于您的话）或者与供应商的客户支持部门联系。\n9. 一般规定。如果发现本协议的任何部分无效且无法履行，将不会影响本协议决定权的有效性，它们将依然有效且其条款可以履行。本协议不会损害任何消费者方的法定权限。本协议仅在有供应商指定高级职员的亲笔签名时方可修改。发行更新版时，供应商发放的许可证可能会有额外或不同的条款。这是供应商与您之间有关本软件的整个协议，它将取代先前任何与本软件相关的陈述、讨论、承诺、书信或宣传。  \n10. 遵守许可证。如果您是一家营利事业或组织，您须同意在得到供应商的授权代表的通知后三十天 (30) 内充分证明并保证在获得通知之时使用的任何和所有软件均符合有效许可证。\n11. 特定管辖区域在应用上述条款时的例外。\n如果你对本协议有任何疑问或者希望从供应商获得任何信息，请使用本产品中附带的地址和联系信息与您所属地区的供应商联系。  \n联系方法:\nE-mail:scdy@0451.com\n手机:+86013009854012\n电话:(0451)56971112\n以上联系方法仅供联系业务之用。不得无故骚扰。软件开发者保留个人隐私权。\n软件开发者保留本软件（程序）的最终解释权。');
/*!40000 ALTER TABLE `bqsm` ENABLE KEYS */;
UNLOCK TABLES;

--
-- Table structure for table `ckmain`
--

DROP TABLE IF EXISTS `ckmain`;
/*!40101 SET @saved_cs_client     = @@character_set_client */;
/*!40101 SET character_set_client = utf8 */;
CREATE TABLE `ckmain` (
  `sysid` int(11) NOT NULL AUTO_INCREMENT,
  `bh` varchar(45) NOT NULL,
  `fhdw` varchar(60) DEFAULT NULL,
  `shdw` varchar(60) DEFAULT NULL,
  `hydh` varchar(45) DEFAULT NULL,
  `mz` decimal(12,1) DEFAULT NULL,
  `pz` decimal(12,1) DEFAULT NULL,
  `jz` decimal(12,1) DEFAULT NULL,
  `sjxm` varchar(45) DEFAULT NULL,
  `lxdh` varchar(45) DEFAULT NULL,
  `cz` varchar(45) DEFAULT NULL,
  `ch` varchar(45) DEFAULT NULL,
  `mjsj` datetime DEFAULT NULL,
  `pjsj` datetime DEFAULT NULL,
  `shdz` varchar(100) DEFAULT NULL,
  `fhd` varchar(100) DEFAULT NULL,
  `bz` longtext,
  `fhpm` varchar(45) DEFAULT NULL,
  `ggxh` varchar(45) DEFAULT NULL,
  `jjy` varchar(45) DEFAULT NULL,
  `bgy` varchar(45) DEFAULT NULL,
  PRIMARY KEY (`bh`),
  KEY `idi` (`sysid`)
) ENGINE=InnoDB DEFAULT CHARSET=utf8;
/*!40101 SET character_set_client = @saved_cs_client */;

--
-- Dumping data for table `ckmain`
--

LOCK TABLES `ckmain` WRITE;
/*!40000 ALTER TABLE `ckmain` DISABLE KEYS */;
/*!40000 ALTER TABLE `ckmain` ENABLE KEYS */;
UNLOCK TABLES;

--
-- Table structure for table `dddjgb`
--

DROP TABLE IF EXISTS `dddjgb`;
/*!40101 SET @saved_cs_client     = @@character_set_client */;
/*!40101 SET character_set_client = utf8 */;
CREATE TABLE `dddjgb` (
  `sysid` int(11) NOT NULL AUTO_INCREMENT,
  `bh` varchar(4) NOT NULL,
  `djmc` varchar(45) DEFAULT NULL,
  `wzllg` decimal(10,1) DEFAULT NULL,
  `wzlld` decimal(10,1) DEFAULT NULL,
  `ssll` decimal(10,1) DEFAULT NULL,
  `rssll` decimal(10,1) DEFAULT NULL,
  `sfbz` decimal(10,1) NOT NULL,
  `zzbz` decimal(10,1) NOT NULL,
  `szqwbz` varchar(20) NOT NULL,
  PRIMARY KEY (`bh`),
  KEY `sysid` (`sysid`)
) ENGINE=InnoDB AUTO_INCREMENT=6 DEFAULT CHARSET=utf8;
/*!40101 SET character_set_client = @saved_cs_client */;

--
-- Dumping data for table `dddjgb`
--

LOCK TABLES `dddjgb` WRITE;
/*!40000 ALTER TABLE `dddjgb` DISABLE KEYS */;
INSERT INTO `dddjgb` VALUES (1,'1','一等',100.0,95.0,1.0,0.2,0.0,0.0,'0.0'),(2,'2','二等',95.0,90.0,2.0,0.2,0.0,0.0,'0.0'),(3,'3','三等',90.0,85.0,3.0,0.5,0.0,0.0,'0.0'),(4,'4','四等',85.0,80.0,5.0,1.0,0.0,0.0,'0.0'),(5,'5','五等',80.0,75.0,8.0,3.0,0.0,0.0,'0.0');
/*!40000 ALTER TABLE `dddjgb` ENABLE KEYS */;
UNLOCK TABLES;

--
-- Table structure for table `gzdw`
--

DROP TABLE IF EXISTS `gzdw`;
/*!40101 SET @saved_cs_client     = @@character_set_client */;
/*!40101 SET character_set_client = utf8 */;
CREATE TABLE `gzdw` (
  `idgzdw` varchar(100) NOT NULL,
  `gzdwzh` varchar(50) DEFAULT NULL,
  `sqrq` date DEFAULT NULL,
  `sqm` varchar(100) DEFAULT NULL,
  `sqbh` varchar(45) DEFAULT NULL,
  PRIMARY KEY (`idgzdw`)
) ENGINE=InnoDB DEFAULT CHARSET=utf8;
/*!40101 SET character_set_client = @saved_cs_client */;

--
-- Dumping data for table `gzdw`
--

LOCK TABLES `gzdw` WRITE;
/*!40000 ALTER TABLE `gzdw` DISABLE KEYS */;
INSERT INTO `gzdw` VALUES ('双城市','23012','2020-12-18','1B2E1B21C7DDE5B765BC72531BCA66A2','7.2.1');
/*!40000 ALTER TABLE `gzdw` ENABLE KEYS */;
UNLOCK TABLES;

--
-- Table structure for table `logrz`
--

DROP TABLE IF EXISTS `logrz`;
/*!40101 SET @saved_cs_client     = @@character_set_client */;
/*!40101 SET character_set_client = utf8 */;
CREATE TABLE `logrz` (
  `sysid` int(11) NOT NULL AUTO_INCREMENT,
  `idrz` char(200) CHARACTER SET gbk NOT NULL,
  `timestamp` timestamp NOT NULL,
  `ipid` varchar(30) CHARACTER SET gbk NOT NULL,
  `macid` varchar(30) CHARACTER SET gbk NOT NULL,
  KEY `sysid` (`sysid`)
) ENGINE=InnoDB AUTO_INCREMENT=106 DEFAULT CHARSET=utf8;
/*!40101 SET character_set_client = @saved_cs_client */;

--
-- Dumping data for table `logrz`
--

LOCK TABLES `logrz` WRITE;
/*!40000 ALTER TABLE `logrz` DISABLE KEYS */;
INSERT INTO `logrz` VALUES (1,'123','2013-12-18 13:35:11','',''),(2,'123','2013-12-18 13:35:20','',''),(3,'asdf在127.0.0.1进行皮重检斤操作！化验单号：12；入库凭证号：12312；水份：15.2；单价：1.0000','2013-12-18 13:53:03','',''),(4,'test在192.168.1.120登录系统操作！','2013-12-18 13:57:25','',''),(5,'test在192.168.1.120登录系统操作！','2013-12-18 23:28:59','',''),(6,'化验员在192.168.1.120登录系统操作！','2013-12-18 23:32:18','',''),(7,'化验员在192.168.1.120进行皮重检斤操作！化验单号：321；入库凭证号：61715；水份：29.00；单价：1.0000','2013-12-18 23:32:39','',''),(8,'test在192.168.1.120登录系统操作！','2013-12-18 23:32:51','',''),(9,'test在192.168.1.120登录系统操作！','2013-12-18 23:33:57','',''),(10,'test在192.168.1.120进行数据备份操作！','2013-12-18 23:34:33','',''),(11,'化验员在192.168.1.120登录系统操作！','2013-12-19 04:36:13','',''),(12,'化验员在192.168.1.120进行化验数据和毛重检斤操作！化验单号：123；入库凭证号：71141；水份：29.00；单价：1.0000；毛重：2440','2013-12-19 04:37:56','',''),(13,'化验员在192.168.1.120进行皮重检斤操作！皮重重量：670现场扣重重量：12净重重量：1758','2013-12-19 04:39:12','',''),(14,'现金员在192.168.1.120登录系统操作！','2013-12-19 04:40:05','',''),(15,'现金员在192.168.1.120现金结算操作！入库凭证号：71141单价：1.0000实付款金额：1754.48','2013-12-19 04:40:19','',''),(16,'test在192.168.1.120登录系统操作！','2013-12-19 04:45:11','',''),(17,'test在192.168.1.120登录系统操作！','2013-12-19 04:49:13','',''),(18,'现金员在192.168.1.120登录系统操作！','2013-12-19 05:23:41','',''),(19,'6.90000000000000000e+002','2013-12-19 05:23:53','',''),(20,'6.90000000000000000e+002','2013-12-19 05:24:00','',''),(21,'test在192.168.1.120登录系统操作！','2013-12-19 05:24:22','',''),(22,'test在192.168.1.120登录系统操作！','2013-12-19 05:27:06','',''),(23,'test在192.168.1.120重量数据修改操作！毛重重量：11170皮重重量：7555现场扣重重量：10净重重量：3605','2013-12-19 05:27:37','',''),(24,'现金员在192.168.1.120登录系统操作！','2013-12-19 05:29:08','',''),(25,'化验员在192.168.1.120登录系统操作！','2013-12-19 06:40:57','',''),(26,'化验员在192.168.1.120进行化验数据和毛重检斤操作！化验单号：14；入库凭证号：81593；水份：29.00；单价：1.0000；毛重：670','2013-12-19 06:41:30','',''),(27,'test在192.168.1.120登录系统操作！','2013-12-19 06:41:45','',''),(28,'test在192.168.1.120重量数据修改操作！毛重重量：1690皮重重量：300现场扣重重量：10净重重量：1380','2013-12-19 06:42:16','',''),(29,'现金员在192.168.1.120登录系统操作！','2013-12-19 06:42:27','',''),(30,'化验员在192.168.1.120登录系统操作！','2013-12-19 06:42:52','',''),(31,'化验员在192.168.1.120登录系统操作！','2013-12-19 06:44:21','',''),(32,'化验员在192.168.1.120登录系统操作！','2013-12-19 06:45:09','',''),(33,'','2013-12-19 06:45:19','',''),(34,'化验员在192.168.1.120登录系统操作！','2013-12-19 06:46:00','',''),(35,'现金员在192.168.1.120登录系统操作！','2013-12-19 06:46:18','',''),(36,'现金员在192.168.1.120现金结算操作！入库凭证号：81593单价：1.0000实付款金额：1377.24','2013-12-19 06:46:25','',''),(37,'现金员在192.168.1.120现金结算操作！入库凭证号：11857单价：0.8900实付款金额：4937.28','2013-12-19 06:47:01','',''),(38,'6.90000000000000000e+002','2013-12-19 06:47:18','',''),(39,'现金员在192.168.1.120进行现金日结算统计操作！','2013-12-19 06:47:36','',''),(40,'化验员在192.168.1.120登录系统操作！','2013-12-19 06:54:36','',''),(41,'化验员在192.168.1.120进行化验数据和毛重检斤操作！化验单号：15；入库凭证号：91857；水份：29.00；单价：1.0000；毛重：5415','2013-12-19 06:55:42','',''),(42,'6.90000000000000000e+002','2013-12-19 06:55:57','',''),(43,'test在192.168.1.120登录系统操作！','2013-12-19 06:56:12','',''),(44,'test在192.168.1.120重量数据修改操作！毛重重量：5415皮重重量：300现场扣重重量：10净重重量：5105','2013-12-19 06:56:25','',''),(45,'化验员在192.168.1.120登录系统操作！','2013-12-19 06:56:38','',''),(46,'','2013-12-19 06:56:48','',''),(47,'现金员在192.168.1.120登录系统操作！','2013-12-19 06:56:59','',''),(48,'现金员在192.168.1.120现金结算操作！入库凭证号：91857单价：1.0000实付款金额：5094.79','2013-12-19 06:57:06','',''),(49,'现金员在192.168.1.120进行现金日结算统计操作！','2013-12-19 06:58:17','',''),(50,'0.00000000000000000e+000','2013-12-19 06:59:14','',''),(51,'现金员在192.168.1.120进行等级区分统计操作！','2013-12-19 06:59:32','',''),(52,'0.00000000000000000e+000','2013-12-19 07:00:00','',''),(53,'6.90000000000000000e+002','2013-12-19 07:00:55','',''),(54,'0.00000000000000000e+000','2013-12-19 07:21:44','',''),(55,'test在192.168.1.120以管理员身份登录系统操作！','2013-12-20 08:34:44','',''),(56,'test在192.168.1.120进行操作人员添加操作！','2013-12-20 08:35:22','',''),(57,'test在192.168.1.120进行操作人员添加操作！','2013-12-20 08:35:50','',''),(58,'经理在192.168.1.120通过经理专线身份登录系统操作！','2013-12-20 08:36:11','',''),(59,'经理在192.168.1.120通过经理专线身份登录系统操作！','2013-12-20 08:37:16','',''),(60,'经理在192.168.1.120通过经理专线身份登录系统操作！','2013-12-20 08:38:26','',''),(61,'0.00000000000000000e+000','2013-12-20 08:39:43','',''),(62,'test在192.168.1.120以管理员身份登录系统操作！','2013-12-21 01:27:06','',''),(63,'192.168.1.104进行服务器参数操作！','2014-11-27 09:51:56','',''),(64,'test在192.168.1.104以管理员身份登录系统操作！','2014-11-27 10:38:49','',''),(65,'test在192.168.1.104以管理员身份登录系统操作！','2014-11-27 10:42:28','',''),(66,'test在192.168.1.104进行数据备份操作！','2014-11-27 10:42:46','',''),(67,'test在192.168.1.105以管理员身份登录系统操作！','2014-11-28 09:48:09','',''),(68,'test在192.168.1.105进行操作人员信息删除操作！','2014-11-28 09:48:42','',''),(69,'test在192.168.1.105进行操作人员添加操作！','2014-11-28 09:49:05','',''),(70,'test在192.168.1.105以管理员身份登录系统操作！','2014-11-28 09:54:42','',''),(71,'test在192.168.1.105以管理员身份登录系统操作！','2014-11-28 09:57:48','',''),(72,'test在192.168.1.105进行操作人员添加操作！','2014-11-28 09:58:07','',''),(73,'test在192.168.1.105进行操作人员信息删除操作！','2014-11-28 09:58:27','',''),(74,'test在192.168.1.105以管理员身份登录系统操作！','2014-11-28 10:13:19','',''),(75,'test在192.168.1.105进行操作人员添加操作！','2014-11-28 10:13:45','',''),(76,'123','2015-01-31 12:15:03','',''),(77,'22','2015-01-31 12:16:26','',''),(78,'ascdy在192.168.1.105进行操作人员信息删除操作！','2015-01-31 12:24:54','',''),(79,'ascdy在192.168.1.105进行操作人员信息删除操作！','2015-01-31 12:25:13','',''),(80,'test在192.168.1.105以管理员身份登录系统操作！','2015-01-31 12:53:48','',''),(81,'test在192.168.1.105进行操作人员信息删除操作！','2015-01-31 12:54:02','',''),(82,'test在192.168.1.105进行操作人员添加操作！','2015-01-31 12:54:32','',''),(83,'test在192.168.1.105进行操作人员添加操作！','2015-01-31 12:54:35','',''),(84,'ascdy在192.168.1.105进行操作人员添加操作！','2015-01-31 12:59:29','',''),(85,'ascdy在192.168.1.105进行操作人员添加操作！','2015-01-31 13:02:13','',''),(86,'test在192.168.1.105以管理员身份登录系统操作！','2015-01-31 13:03:28','',''),(87,'test在192.168.1.105进行操作人员信息删除操作！','2015-01-31 13:03:40','',''),(88,'test在192.168.1.105进行操作人员添加操作！','2015-01-31 13:04:31','',''),(89,'test在192.168.1.105以管理员身份登录系统操作！','2015-01-31 13:06:00','',''),(90,'test在192.168.1.105以管理员身份登录系统操作！','2015-01-31 13:19:04','',''),(91,'test在192.168.1.105进行操作人员添加操作！','2015-01-31 13:19:48','',''),(92,'test在192.168.1.105以管理员身份登录系统操作！','2015-01-31 13:20:15','',''),(93,'test在192.168.1.105以管理员身份登录系统操作！','2015-01-31 13:21:34','',''),(94,'张三在192.168.1.105以质检录入员身份登录系统操作！','2015-01-31 13:29:55','',''),(95,'test在192.168.1.105以管理员身份登录系统操作！','2015-01-31 13:30:46','',''),(96,'test在192.168.1.105以管理员身份登录系统操作！','2015-01-31 13:34:17','',''),(97,'test在192.168.1.105以管理员身份登录系统操作！','2015-01-31 13:42:29','',''),(98,'test在192.168.1.105进行操作人员信息删除操作！','2015-01-31 13:42:41','',''),(99,'test在192.168.1.105进行操作人员添加操作！','2015-01-31 13:43:16','',''),(100,'test在192.168.1.105以质检录入员身份登录系统操作！','2015-01-31 13:44:30','',''),(101,'管理员在192.168.1.105以管理员身份登录系统操作！','2015-01-31 13:45:49','',''),(102,'管理员在192.168.1.105进行操作人员添加操作！','2015-01-31 13:46:24','',''),(103,'管理员在192.168.1.105以管理员身份登录系统操作！','2015-01-31 13:46:57','',''),(104,'管理员在192.168.1.105进行数据备份操作！','2015-01-31 13:47:13','',''),(105,'管理员在192.168.1.105进行数据备份操作！','2015-01-31 13:47:26','','');
/*!40000 ALTER TABLE `logrz` ENABLE KEYS */;
UNLOCK TABLES;

--
-- Table structure for table `optionset`
--

DROP TABLE IF EXISTS `optionset`;
/*!40101 SET @saved_cs_client     = @@character_set_client */;
/*!40101 SET character_set_client = utf8 */;
CREATE TABLE `optionset` (
  `sysid` int(11) NOT NULL AUTO_INCREMENT,
  `no` varchar(80) NOT NULL,
  `china` varchar(1) DEFAULT NULL,
  PRIMARY KEY (`no`),
  KEY `sysid` (`sysid`)
) ENGINE=InnoDB AUTO_INCREMENT=14 DEFAULT CHARSET=utf8;
/*!40101 SET character_set_client = @saved_cs_client */;

--
-- Dumping data for table `optionset`
--

LOCK TABLES `optionset` WRITE;
/*!40000 ALTER TABLE `optionset` DISABLE KEYS */;
INSERT INTO `optionset` VALUES (1,'干粮收购',NULL),(2,'扣装卸费','1'),(3,'水份定价','1'),(4,'等级定价',NULL),(5,'结算票据',NULL),(7,'质检票据打印',NULL),(6,'身份证限制',NULL);
/*!40000 ALTER TABLE `optionset` ENABLE KEYS */;
UNLOCK TABLES;

--
-- Table structure for table `pzh`
--

DROP TABLE IF EXISTS `pzh`;
/*!40101 SET @saved_cs_client     = @@character_set_client */;
/*!40101 SET character_set_client = utf8 */;
CREATE TABLE `pzh` (
  `idpzh` varchar(20) CHARACTER SET gbk NOT NULL,
  PRIMARY KEY (`idpzh`)
) ENGINE=InnoDB DEFAULT CHARSET=utf8;
/*!40101 SET character_set_client = @saved_cs_client */;

--
-- Dumping data for table `pzh`
--

LOCK TABLES `pzh` WRITE;
/*!40000 ALTER TABLE `pzh` DISABLE KEYS */;
INSERT INTO `pzh` VALUES ('        10');
/*!40000 ALTER TABLE `pzh` ENABLE KEYS */;
UNLOCK TABLES;

--
-- Table structure for table `sddjgb`
--

DROP TABLE IF EXISTS `sddjgb`;
/*!40101 SET @saved_cs_client     = @@character_set_client */;
/*!40101 SET character_set_client = utf8 */;
CREATE TABLE `sddjgb` (
  `sysid` int(11) NOT NULL AUTO_INCREMENT,
  `bh` varchar(4) NOT NULL,
  `djmc` varchar(45) DEFAULT NULL,
  `cclg` decimal(10,1) DEFAULT NULL,
  `ccld` decimal(10,1) DEFAULT NULL,
  `zjml` decimal(10,1) DEFAULT NULL,
  `sfbz` decimal(10,1) NOT NULL,
  `zzbz` decimal(10,1) NOT NULL,
  `hlmbz` decimal(10,1) NOT NULL,
  `hhbz` decimal(10,1) NOT NULL,
  `szqwbz` varchar(20) NOT NULL,
  `gwcmbz` decimal(10,1) NOT NULL,
  PRIMARY KEY (`bh`),
  KEY `sysid` (`sysid`)
) ENGINE=InnoDB AUTO_INCREMENT=7 DEFAULT CHARSET=utf8;
/*!40101 SET character_set_client = @saved_cs_client */;

--
-- Dumping data for table `sddjgb`
--

LOCK TABLES `sddjgb` WRITE;
/*!40000 ALTER TABLE `sddjgb` DISABLE KEYS */;
INSERT INTO `sddjgb` VALUES (1,'1','一等',100.0,79.0,50.0,0.0,0.0,0.0,0.0,'',0.0),(2,'2','二等',79.0,77.0,47.0,0.0,0.0,0.0,0.0,'',0.0),(3,'3','三等',77.0,75.0,44.0,0.0,0.0,0.0,0.0,'',0.0),(4,'4','四等',75.0,73.0,41.0,0.0,0.0,0.0,0.0,'',0.0),(5,'5','五等',73.0,71.0,38.0,0.0,0.0,0.0,0.0,'',0.0),(6,'6','等外',71.0,0.0,0.0,0.0,0.0,0.0,0.0,'',0.0);
/*!40000 ALTER TABLE `sddjgb` ENABLE KEYS */;
UNLOCK TABLES;

--
-- Table structure for table `setbzwdb`
--

DROP TABLE IF EXISTS `setbzwdb`;
/*!40101 SET @saved_cs_client     = @@character_set_client */;
/*!40101 SET character_set_client = utf8 */;
CREATE TABLE `setbzwdb` (
  `sysid` int(11) NOT NULL AUTO_INCREMENT,
  `bzwmc` varchar(60) NOT NULL,
  `timesatmp` timestamp NOT NULL,
  `py` varchar(50) NOT NULL,
  KEY `sysid` (`sysid`),
  KEY `py` (`py`)
) ENGINE=InnoDB DEFAULT CHARSET=latin1 COMMENT='包装物设置';
/*!40101 SET character_set_client = @saved_cs_client */;

--
-- Dumping data for table `setbzwdb`
--

LOCK TABLES `setbzwdb` WRITE;
/*!40000 ALTER TABLE `setbzwdb` DISABLE KEYS */;
/*!40000 ALTER TABLE `setbzwdb` ENABLE KEYS */;
UNLOCK TABLES;

--
-- Table structure for table `setczdb`
--

DROP TABLE IF EXISTS `setczdb`;
/*!40101 SET @saved_cs_client     = @@character_set_client */;
/*!40101 SET character_set_client = utf8 */;
CREATE TABLE `setczdb` (
  `sysid` int(11) NOT NULL AUTO_INCREMENT,
  `czmc` varchar(60) NOT NULL,
  `timestamp` timestamp NOT NULL,
  `bh` varchar(20) NOT NULL,
  `py` varchar(30) NOT NULL,
  KEY `sysid` (`sysid`,`py`)
) ENGINE=InnoDB DEFAULT CHARSET=latin1;
/*!40101 SET character_set_client = @saved_cs_client */;

--
-- Dumping data for table `setczdb`
--

LOCK TABLES `setczdb` WRITE;
/*!40000 ALTER TABLE `setczdb` DISABLE KEYS */;
/*!40000 ALTER TABLE `setczdb` ENABLE KEYS */;
UNLOCK TABLES;

--
-- Table structure for table `setdzdb`
--

DROP TABLE IF EXISTS `setdzdb`;
/*!40101 SET @saved_cs_client     = @@character_set_client */;
/*!40101 SET character_set_client = utf8 */;
CREATE TABLE `setdzdb` (
  `sysid` int(11) NOT NULL AUTO_INCREMENT,
  `bh` varchar(20) NOT NULL,
  `dzmc` varchar(60) NOT NULL,
  `timestamp` timestamp NOT NULL,
  `py` varchar(50) NOT NULL,
  KEY `sysid` (`sysid`,`py`)
) ENGINE=InnoDB DEFAULT CHARSET=latin1 COMMENT='送粮人地址';
/*!40101 SET character_set_client = @saved_cs_client */;

--
-- Dumping data for table `setdzdb`
--

LOCK TABLES `setdzdb` WRITE;
/*!40000 ALTER TABLE `setdzdb` DISABLE KEYS */;
/*!40000 ALTER TABLE `setdzdb` ENABLE KEYS */;
UNLOCK TABLES;

--
-- Table structure for table `sethyydb`
--

DROP TABLE IF EXISTS `sethyydb`;
/*!40101 SET @saved_cs_client     = @@character_set_client */;
/*!40101 SET character_set_client = utf8 */;
CREATE TABLE `sethyydb` (
  `sysid` int(11) NOT NULL AUTO_INCREMENT,
  `bh` varchar(20) NOT NULL,
  `hyymc` varchar(60) NOT NULL,
  `timestamp` timestamp NOT NULL,
  KEY `sysid` (`sysid`,`timestamp`)
) ENGINE=InnoDB DEFAULT CHARSET=latin1;
/*!40101 SET character_set_client = @saved_cs_client */;

--
-- Dumping data for table `sethyydb`
--

LOCK TABLES `sethyydb` WRITE;
/*!40000 ALTER TABLE `sethyydb` DISABLE KEYS */;
/*!40000 ALTER TABLE `sethyydb` ENABLE KEYS */;
UNLOCK TABLES;

--
-- Table structure for table `setpzdb`
--

DROP TABLE IF EXISTS `setpzdb`;
/*!40101 SET @saved_cs_client     = @@character_set_client */;
/*!40101 SET character_set_client = utf8 */;
CREATE TABLE `setpzdb` (
  `sysid` int(11) NOT NULL AUTO_INCREMENT,
  `bh` varchar(20) NOT NULL,
  `pzmc` varchar(50) NOT NULL,
  `timestamp` timestamp NOT NULL,
  KEY `sysid` (`sysid`,`timestamp`)
) ENGINE=InnoDB DEFAULT CHARSET=latin1;
/*!40101 SET character_set_client = @saved_cs_client */;

--
-- Dumping data for table `setpzdb`
--

LOCK TABLES `setpzdb` WRITE;
/*!40000 ALTER TABLE `setpzdb` DISABLE KEYS */;
/*!40000 ALTER TABLE `setpzdb` ENABLE KEYS */;
UNLOCK TABLES;

--
-- Table structure for table `setpzwhdb`
--

DROP TABLE IF EXISTS `setpzwhdb`;
/*!40101 SET @saved_cs_client     = @@character_set_client */;
/*!40101 SET character_set_client = utf8 */;
CREATE TABLE `setpzwhdb` (
  `sysid` int(11) NOT NULL AUTO_INCREMENT,
  `pz` varchar(60) NOT NULL,
  `pzwh` varchar(100) NOT NULL,
  `sgxz` varchar(100) NOT NULL,
  `glsg` varchar(100) NOT NULL,
  `sfdj` varchar(10) NOT NULL,
  `zxfkj` varchar(10) NOT NULL,
  `timestamp` timestamp NOT NULL,
  KEY `sysid` (`sysid`)
) ENGINE=InnoDB DEFAULT CHARSET=latin1 COMMENT='批准文号';
/*!40101 SET character_set_client = @saved_cs_client */;

--
-- Dumping data for table `setpzwhdb`
--

LOCK TABLES `setpzwhdb` WRITE;
/*!40000 ALTER TABLE `setpzwhdb` DISABLE KEYS */;
/*!40000 ALTER TABLE `setpzwhdb` ENABLE KEYS */;
UNLOCK TABLES;

--
-- Table structure for table `setxlcddb`
--

DROP TABLE IF EXISTS `setxlcddb`;
/*!40101 SET @saved_cs_client     = @@character_set_client */;
/*!40101 SET character_set_client = utf8 */;
CREATE TABLE `setxlcddb` (
  `sysid` int(11) NOT NULL AUTO_INCREMENT,
  `bh` varchar(20) NOT NULL,
  `cdmc` varchar(60) NOT NULL,
  `timestamp` timestamp NOT NULL,
  KEY `sysid` (`sysid`,`timestamp`)
) ENGINE=InnoDB DEFAULT CHARSET=latin1;
/*!40101 SET character_set_client = @saved_cs_client */;

--
-- Dumping data for table `setxlcddb`
--

LOCK TABLES `setxlcddb` WRITE;
/*!40000 ALTER TABLE `setxlcddb` DISABLE KEYS */;
/*!40000 ALTER TABLE `setxlcddb` ENABLE KEYS */;
UNLOCK TABLES;

--
-- Table structure for table `setzxfdb`
--

DROP TABLE IF EXISTS `setzxfdb`;
/*!40101 SET @saved_cs_client     = @@character_set_client */;
/*!40101 SET character_set_client = utf8 */;
CREATE TABLE `setzxfdb` (
  `sysid` int(11) NOT NULL AUTO_INCREMENT,
  `pz` varchar(50) CHARACTER SET utf8 COLLATE utf8_unicode_ci NOT NULL,
  `zxfbz` decimal(13,10) NOT NULL,
  `timestamp` timestamp NOT NULL DEFAULT CURRENT_TIMESTAMP ON UPDATE CURRENT_TIMESTAMP,
  KEY `sysid` (`sysid`)
) ENGINE=InnoDB DEFAULT CHARSET=latin1 COMMENT='装卸费设置';
/*!40101 SET character_set_client = @saved_cs_client */;

--
-- Dumping data for table `setzxfdb`
--

LOCK TABLES `setzxfdb` WRITE;
/*!40000 ALTER TABLE `setzxfdb` DISABLE KEYS */;
/*!40000 ALTER TABLE `setzxfdb` ENABLE KEYS */;
UNLOCK TABLES;

--
-- Table structure for table `sfdj`
--

DROP TABLE IF EXISTS `sfdj`;
/*!40101 SET @saved_cs_client     = @@character_set_client */;
/*!40101 SET character_set_client = utf8 */;
CREATE TABLE `sfdj` (
  `sysid` int(11) NOT NULL AUTO_INCREMENT,
  `sf` decimal(10,1) NOT NULL,
  `jg` decimal(10,4) DEFAULT NULL,
  `pz` varchar(20) NOT NULL,
  PRIMARY KEY (`sf`),
  KEY `sysid` (`sysid`)
) ENGINE=InnoDB AUTO_INCREMENT=7 DEFAULT CHARSET=utf8;
/*!40101 SET character_set_client = @saved_cs_client */;

--
-- Dumping data for table `sfdj`
--

LOCK TABLES `sfdj` WRITE;
/*!40000 ALTER TABLE `sfdj` DISABLE KEYS */;
INSERT INTO `sfdj` VALUES (1,14.5,1.9800,''),(2,14.6,1.9700,''),(3,19.0,1.1000,''),(4,20.0,1.0300,''),(5,28.0,0.8900,''),(6,29.0,1.0000,'');
/*!40000 ALTER TABLE `sfdj` ENABLE KEYS */;
UNLOCK TABLES;

--
-- Table structure for table `sfzh`
--

DROP TABLE IF EXISTS `sfzh`;
/*!40101 SET @saved_cs_client     = @@character_set_client */;
/*!40101 SET character_set_client = utf8 */;
CREATE TABLE `sfzh` (
  `sysid` int(11) NOT NULL AUTO_INCREMENT,
  `xm` varchar(50) NOT NULL,
  `sfzh` varchar(45) DEFAULT NULL,
  `dzmc` varchar(60) NOT NULL,
  `py` varchar(50) NOT NULL,
  PRIMARY KEY (`xm`),
  KEY `sysid` (`sysid`),
  KEY `py` (`py`)
) ENGINE=InnoDB AUTO_INCREMENT=9 DEFAULT CHARSET=utf8;
/*!40101 SET character_set_client = @saved_cs_client */;

--
-- Dumping data for table `sfzh`
--

LOCK TABLES `sfzh` WRITE;
/*!40000 ALTER TABLE `sfzh` DISABLE KEYS */;
INSERT INTO `sfzh` VALUES (1,'1213','321321321','','0'),(2,'13213','23131321','','0'),(3,'213','213213','','0'),(4,'21321','133','','0'),(5,'213213','2132131323','','0'),(6,'23132','2313213','','0'),(7,'321','231323','','0'),(8,'张三','123345','','0');
/*!40000 ALTER TABLE `sfzh` ENABLE KEYS */;
UNLOCK TABLES;

--
-- Table structure for table `unmm`
--

DROP TABLE IF EXISTS `unmm`;
/*!40101 SET @saved_cs_client     = @@character_set_client */;
/*!40101 SET character_set_client = utf8 */;
CREATE TABLE `unmm` (
  `sysid` int(10) NOT NULL AUTO_INCREMENT,
  `md5name` varchar(50) NOT NULL,
  `uname` varchar(100) NOT NULL,
  `timestamp` timestamp NOT NULL,
  `bh` varchar(50) NOT NULL,
  PRIMARY KEY (`sysid`),
  KEY `sysid` (`sysid`)
) ENGINE=InnoDB AUTO_INCREMENT=9 DEFAULT CHARSET=gbk COMMENT='用户名';
/*!40101 SET character_set_client = @saved_cs_client */;

--
-- Dumping data for table `unmm`
--

LOCK TABLES `unmm` WRITE;
/*!40000 ALTER TABLE `unmm` DISABLE KEYS */;
INSERT INTO `unmm` VALUES (7,'8178134EDE762C42E41A7B1695082E28','管理员','2015-01-31 13:43:16','2'),(8,'098F6BCD4621D373CADE4E832627B4F6','test','2015-01-31 13:46:24','1');
/*!40000 ALTER TABLE `unmm` ENABLE KEYS */;
UNLOCK TABLES;

--
-- Table structure for table `user`
--

DROP TABLE IF EXISTS `user`;
/*!40101 SET @saved_cs_client     = @@character_set_client */;
/*!40101 SET character_set_client = utf8 */;
CREATE TABLE `user` (
  `sysid` int(15) NOT NULL AUTO_INCREMENT,
  `bh` varchar(10) CHARACTER SET gbk NOT NULL,
  `sgpz` varchar(60) CHARACTER SET gbk NOT NULL,
  `uname` varchar(50) CHARACTER SET gbk NOT NULL,
  `upwd` varchar(50) CHARACTER SET gbk NOT NULL,
  `qx` varchar(45) CHARACTER SET gbk NOT NULL,
  `timestamp` timestamp NOT NULL,
  `qxbm` varchar(10) CHARACTER SET gbk NOT NULL,
  `ipid` varchar(30) CHARACTER SET gbk NOT NULL,
  `macid` varchar(30) CHARACTER SET gbk NOT NULL,
  `listname` varchar(50) CHARACTER SET gbk NOT NULL,
  PRIMARY KEY (`sysid`),
  KEY `uname` (`uname`),
  KEY `uname_2` (`uname`)
) ENGINE=InnoDB AUTO_INCREMENT=18 DEFAULT CHARSET=utf8;
/*!40101 SET character_set_client = @saved_cs_client */;

--
-- Dumping data for table `user`
--

LOCK TABLES `user` WRITE;
/*!40000 ALTER TABLE `user` DISABLE KEYS */;
INSERT INTO `user` VALUES (2,'0122','','付款','F0F4B6598F2CEE45644673998B4F44BE','现金付款员','2013-10-21 12:59:47','3','','',''),(3,'0123','','复核','EB62F6B9306DB575C2D596B1279627A4','现金复核员','2013-10-21 13:00:05','3','','',''),(5,'123','','检斤员','202CB962AC59075B964B07152D234B70','检斤录入员','2013-10-08 12:11:20','2','','',''),(6,'1231','','财务','81DC9BDB52D04DC20036DBD8313ED055','财务专线','2013-12-20 08:35:22','2','','',''),(7,'1232','','经理','E53A0A2978C28872A4505BDB51DB06DC','经理专线','2013-12-20 08:35:50','5','','',''),(8,'123456','','现金员','E10ADC3949BA59ABBE56E057F20F883E','结算录入员','2013-10-08 12:12:02','2','','',''),(16,'2','','8178134EDE762C42E41A7B1695082E28','E10ADC3949BA59ABBE56E057F20F883E','管理员','2015-01-31 13:43:16','1','192.168.1.105','00-c0-ca-39-2f-cf','管理员'),(17,'1','','098F6BCD4621D373CADE4E832627B4F6','098F6BCD4621D373CADE4E832627B4F6','管理员','2015-01-31 13:46:24','1','192.168.1.105','','test');
/*!40000 ALTER TABLE `user` ENABLE KEYS */;
UNLOCK TABLES;

--
-- Table structure for table `userqx`
--

DROP TABLE IF EXISTS `userqx`;
/*!40101 SET @saved_cs_client     = @@character_set_client */;
/*!40101 SET character_set_client = utf8 */;
CREATE TABLE `userqx` (
  `sysid` int(15) NOT NULL AUTO_INCREMENT,
  `sgpz` varchar(60) NOT NULL,
  `iduserqx` varchar(30) NOT NULL,
  `qxbh` varchar(10) NOT NULL,
  `qxbm` varchar(10) NOT NULL,
  PRIMARY KEY (`sysid`)
) ENGINE=InnoDB AUTO_INCREMENT=12 DEFAULT CHARSET=gbk;
/*!40101 SET character_set_client = @saved_cs_client */;

--
-- Dumping data for table `userqx`
--

LOCK TABLES `userqx` WRITE;
/*!40000 ALTER TABLE `userqx` DISABLE KEYS */;
INSERT INTO `userqx` VALUES (1,'','质检录入员','1','2'),(2,'','经理专线','10','5'),(3,'','检斤录入员','2','2'),(4,'','结算录入员','3','2'),(5,'','监卸员','4','4'),(6,'','管理员','5','1'),(7,'','现金付款员','7','3'),(8,'','现金复核员','8','3'),(9,'','财务专线','9','2'),(10,'','空车检斤员','11','2'),(11,'','重车检斤员','12','2');
/*!40000 ALTER TABLE `userqx` ENABLE KEYS */;
UNLOCK TABLES;

--
-- Table structure for table `ymdjgb`
--

DROP TABLE IF EXISTS `ymdjgb`;
/*!40101 SET @saved_cs_client     = @@character_set_client */;
/*!40101 SET character_set_client = utf8 */;
CREATE TABLE `ymdjgb` (
  `bh` varchar(4) NOT NULL,
  `djmc` varchar(45) DEFAULT NULL,
  `rzg` decimal(10,1) DEFAULT NULL,
  `rzd` decimal(10,1) DEFAULT NULL,
  `bwsl` decimal(10,1) DEFAULT NULL,
  `smlbz` decimal(10,1) NOT NULL,
  `sfbz` decimal(10,1) NOT NULL,
  `zzbz` decimal(10,1) NOT NULL,
  `szqwbz` varchar(20) NOT NULL,
  PRIMARY KEY (`bh`)
) ENGINE=InnoDB DEFAULT CHARSET=utf8;
/*!40101 SET character_set_client = @saved_cs_client */;

--
-- Dumping data for table `ymdjgb`
--

LOCK TABLES `ymdjgb` WRITE;
/*!40000 ALTER TABLE `ymdjgb` DISABLE KEYS */;
INSERT INTO `ymdjgb` VALUES ('1','一等',1000.0,720.0,4.0,0.0,0.0,0.0,''),('2','二等',720.0,685.0,6.0,0.0,0.0,0.0,''),('3','三等',685.0,650.0,8.0,0.0,0.0,0.0,''),('4','四等',650.0,620.0,10.0,0.0,0.0,0.0,''),('5','五等',620.0,590.0,15.0,0.0,0.0,0.0,''),('6','等外',590.0,0.0,0.0,0.0,0.0,0.0,'');
/*!40000 ALTER TABLE `ymdjgb` ENABLE KEYS */;
UNLOCK TABLES;

--
-- Table structure for table `ymsuper`
--

DROP TABLE IF EXISTS `ymsuper`;
/*!40101 SET @saved_cs_client     = @@character_set_client */;
/*!40101 SET character_set_client = utf8 */;
CREATE TABLE `ymsuper` (
  `sysid` int(11) NOT NULL AUTO_INCREMENT,
  `idbh` varchar(20) NOT NULL,
  `sgdw` varchar(60) NOT NULL,
  `swdjh` varchar(45) NOT NULL,
  `slr` varchar(45) NOT NULL,
  `slrsfzh` varchar(45) NOT NULL,
  `sgpz` varchar(45) NOT NULL,
  `dj` varchar(45) NOT NULL,
  `sgwh` varchar(60) NOT NULL,
  `lslx` varchar(45) NOT NULL,
  `dz` varchar(60) NOT NULL,
  `yph` varchar(45) NOT NULL,
  `ypl` decimal(10,2) NOT NULL,
  `hydh` varchar(45) NOT NULL,
  `rkrq` datetime NOT NULL,
  `sf` decimal(10,1) NOT NULL,
  `zz` decimal(10,1) NOT NULL,
  `rz` decimal(10,1) NOT NULL,
  `cll` decimal(10,1) NOT NULL,
  `bwsl` decimal(10,1) NOT NULL,
  `sml` decimal(10,1) NOT NULL,
  `szqw` varchar(45) NOT NULL,
  `sgxz` varchar(60) NOT NULL,
  `cz` varchar(45) NOT NULL,
  `ch` varchar(45) NOT NULL,
  `bzw` varchar(45) NOT NULL,
  `bzwxx` varchar(45) NOT NULL,
  `hyy` varchar(45) NOT NULL,
  `lry` varchar(45) NOT NULL,
  `xldd` varchar(45) NOT NULL,
  `xcbh` varchar(45) NOT NULL,
  `hh` varchar(45) NOT NULL,
  `mz` decimal(10,1) NOT NULL,
  `pz` decimal(10,1) NOT NULL,
  `xckz` decimal(10,1) NOT NULL,
  `sfkz` decimal(10,1) NOT NULL,
  `zzkz` decimal(10,1) NOT NULL,
  `jz` decimal(10,1) NOT NULL,
  `lscz` decimal(10,1) NOT NULL,
  `mjsj` datetime NOT NULL,
  `pjsj` datetime NOT NULL,
  `sgdj` decimal(10,4) NOT NULL,
  `yfk` decimal(10,2) NOT NULL,
  `zxf` decimal(10,2) NOT NULL,
  `zsf` decimal(10,2) NOT NULL,
  `sfk` decimal(10,2) NOT NULL,
  `bz` longtext NOT NULL,
  `mjy` varchar(45) NOT NULL,
  `pjy` varchar(45) NOT NULL,
  `jslry` varchar(45) NOT NULL,
  `fky` varchar(45) NOT NULL,
  `fdy` varchar(45) NOT NULL,
  `jxy` varchar(45) NOT NULL,
  `mv` varchar(45) NOT NULL,
  `fjxx` longtext NOT NULL,
  `xgxx` longtext NOT NULL,
  `mjf` varchar(45) NOT NULL,
  `pjf` varchar(45) NOT NULL,
  `jsf` varchar(45) NOT NULL,
  `jssj` datetime NOT NULL,
  `zxfbz` decimal(12,8) NOT NULL,
  `guidm` varchar(60) NOT NULL,
  `ccl` decimal(10,1) NOT NULL,
  `zjml` decimal(10,1) NOT NULL,
  `hlm` decimal(10,1) NOT NULL,
  `gwcm` decimal(10,1) NOT NULL,
  `wzll` decimal(10,1) NOT NULL,
  `ssll` decimal(10,1) NOT NULL,
  `rssll` decimal(10,1) NOT NULL,
  `xgbm` varchar(45) NOT NULL,
  `xgzt` varchar(45) NOT NULL,
  `skdm` varchar(60) NOT NULL,
  `fphm` varchar(60) NOT NULL,
  `djbf` decimal(12,4) NOT NULL,
  `lzl` varchar(45) NOT NULL,
  PRIMARY KEY (`sysid`),
  KEY `idbh` (`idbh`),
  KEY `idbh_2` (`idbh`)
) ENGINE=InnoDB DEFAULT CHARSET=gbk;
/*!40101 SET character_set_client = @saved_cs_client */;

--
-- Dumping data for table `ymsuper`
--

LOCK TABLES `ymsuper` WRITE;
/*!40000 ALTER TABLE `ymsuper` DISABLE KEYS */;
/*!40000 ALTER TABLE `ymsuper` ENABLE KEYS */;
UNLOCK TABLES;

--
-- Table structure for table `ymsuperdel`
--

DROP TABLE IF EXISTS `ymsuperdel`;
/*!40101 SET @saved_cs_client     = @@character_set_client */;
/*!40101 SET character_set_client = utf8 */;
CREATE TABLE `ymsuperdel` (
  `idi` int(11) NOT NULL AUTO_INCREMENT,
  `idbh` varchar(20) NOT NULL,
  `sgdw` varchar(60) DEFAULT NULL,
  `swdjh` varchar(45) DEFAULT NULL,
  `slr` varchar(45) DEFAULT NULL,
  `slrsfzh` varchar(45) DEFAULT NULL,
  `sgpz` varchar(45) DEFAULT NULL,
  `dj` varchar(45) DEFAULT NULL,
  `sgwh` varchar(60) DEFAULT NULL,
  `lslx` varchar(45) DEFAULT NULL,
  `dz` varchar(60) DEFAULT NULL,
  `yph` varchar(45) DEFAULT NULL,
  `ypl` decimal(10,2) DEFAULT NULL,
  `hydh` varchar(45) DEFAULT NULL,
  `rkrq` datetime DEFAULT NULL,
  `sf` decimal(10,1) DEFAULT NULL,
  `zz` decimal(10,1) DEFAULT NULL,
  `rz` decimal(10,1) DEFAULT NULL,
  `cll` decimal(10,1) DEFAULT NULL,
  `bwsl` decimal(10,1) DEFAULT NULL,
  `sml` decimal(10,1) DEFAULT NULL,
  `szqw` varchar(45) DEFAULT NULL,
  `sgxz` varchar(60) DEFAULT NULL,
  `cz` varchar(45) DEFAULT NULL,
  `ch` varchar(45) DEFAULT NULL,
  `bzw` varchar(45) DEFAULT NULL,
  `bzwxx` varchar(45) DEFAULT NULL,
  `hyy` varchar(45) DEFAULT NULL,
  `lry` varchar(45) DEFAULT NULL,
  `xldd` varchar(45) DEFAULT NULL,
  `xcbh` varchar(45) DEFAULT NULL,
  `hh` varchar(45) DEFAULT NULL,
  `mz` decimal(10,1) DEFAULT NULL,
  `pz` decimal(10,1) DEFAULT NULL,
  `xckz` decimal(10,1) DEFAULT NULL,
  `sfkz` decimal(10,1) DEFAULT NULL,
  `zzkz` decimal(10,1) DEFAULT NULL,
  `jz` decimal(10,1) DEFAULT NULL,
  `lscz` decimal(10,1) DEFAULT NULL,
  `mjsj` datetime DEFAULT NULL,
  `pjsj` datetime DEFAULT NULL,
  `sgdj` decimal(10,4) DEFAULT NULL,
  `yfk` decimal(10,2) DEFAULT NULL,
  `zxf` decimal(10,2) DEFAULT NULL,
  `zsf` decimal(10,2) DEFAULT NULL,
  `sfk` decimal(10,2) DEFAULT NULL,
  `bz` longtext,
  `mjy` varchar(45) DEFAULT NULL,
  `pjy` varchar(45) DEFAULT NULL,
  `jslry` varchar(45) DEFAULT NULL,
  `fky` varchar(45) DEFAULT NULL,
  `fdy` varchar(45) DEFAULT NULL,
  `jxy` varchar(45) DEFAULT NULL,
  `mv` varchar(45) DEFAULT NULL,
  `fjxx` longtext,
  `xgxx` longtext,
  `mjf` varchar(45) DEFAULT NULL,
  `pjf` varchar(45) DEFAULT NULL,
  `jsf` varchar(45) DEFAULT NULL,
  `jssj` datetime DEFAULT NULL,
  `zxfbz` decimal(12,8) DEFAULT NULL,
  `guidm` varchar(60) DEFAULT NULL,
  `ccl` decimal(10,1) DEFAULT NULL,
  `zjml` decimal(10,1) DEFAULT NULL,
  `hlm` decimal(10,1) DEFAULT NULL,
  `gwcm` decimal(10,1) DEFAULT NULL,
  `wzll` decimal(10,1) DEFAULT NULL,
  `ssll` decimal(10,1) DEFAULT NULL,
  `rssll` decimal(10,1) DEFAULT NULL,
  `xgbm` varchar(45) DEFAULT NULL,
  `xgzt` varchar(45) DEFAULT NULL,
  `skdm` varchar(60) DEFAULT NULL,
  `fphm` varchar(60) DEFAULT NULL,
  `djbf` decimal(12,4) DEFAULT NULL,
  `lzl` varchar(45) DEFAULT NULL,
  PRIMARY KEY (`idi`),
  KEY `idbh` (`idbh`)
) ENGINE=InnoDB DEFAULT CHARSET=utf8;
/*!40101 SET character_set_client = @saved_cs_client */;

--
-- Dumping data for table `ymsuperdel`
--

LOCK TABLES `ymsuperdel` WRITE;
/*!40000 ALTER TABLE `ymsuperdel` DISABLE KEYS */;
/*!40000 ALTER TABLE `ymsuperdel` ENABLE KEYS */;
UNLOCK TABLES;

--
-- Table structure for table `zjbz`
--

DROP TABLE IF EXISTS `zjbz`;
/*!40101 SET @saved_cs_client     = @@character_set_client */;
/*!40101 SET character_set_client = utf8 */;
CREATE TABLE `zjbz` (
  `idno` varchar(45) NOT NULL,
  `pzmc` varchar(45) DEFAULT NULL,
  `lx` varchar(45) DEFAULT NULL,
  `bj` decimal(10,2) DEFAULT NULL,
  `bz` decimal(10,2) DEFAULT NULL,
  `bzmc` varchar(45) DEFAULT NULL,
  `qt` varchar(45) DEFAULT NULL,
  PRIMARY KEY (`idno`)
) ENGINE=InnoDB DEFAULT CHARSET=utf8;
/*!40101 SET character_set_client = @saved_cs_client */;

--
-- Dumping data for table `zjbz`
--

LOCK TABLES `zjbz` WRITE;
/*!40000 ALTER TABLE `zjbz` DISABLE KEYS */;
INSERT INTO `zjbz` VALUES ('1','玉米','扣量',0.50,0.75,'水份','1'),('2','玉米','扣量',0.40,0.75,'杂质','1');
/*!40000 ALTER TABLE `zjbz` ENABLE KEYS */;
UNLOCK TABLES;

--
-- Table structure for table `zjepw`
--

DROP TABLE IF EXISTS `zjepw`;
/*!40101 SET @saved_cs_client     = @@character_set_client */;
/*!40101 SET character_set_client = utf8 */;
CREATE TABLE `zjepw` (
  `idpwd` varchar(60) DEFAULT NULL,
  `bh` varchar(45) NOT NULL,
  PRIMARY KEY (`bh`)
) ENGINE=InnoDB DEFAULT CHARSET=utf8;
/*!40101 SET character_set_client = @saved_cs_client */;

--
-- Dumping data for table `zjepw`
--

LOCK TABLES `zjepw` WRITE;
/*!40000 ALTER TABLE `zjepw` DISABLE KEYS */;
INSERT INTO `zjepw` VALUES ('57AF5768D9B88DC7691D5EC1B877171F','1');
/*!40000 ALTER TABLE `zjepw` ENABLE KEYS */;
UNLOCK TABLES;

--
-- Table structure for table `zjlzxe`
--

DROP TABLE IF EXISTS `zjlzxe`;
/*!40101 SET @saved_cs_client     = @@character_set_client */;
/*!40101 SET character_set_client = utf8 */;
CREATE TABLE `zjlzxe` (
  `bh` varchar(45) NOT NULL,
  `ed` decimal(15,2) DEFAULT NULL,
  `zge` decimal(15,2) DEFAULT NULL,
  `us` varchar(45) DEFAULT NULL,
  PRIMARY KEY (`bh`)
) ENGINE=InnoDB DEFAULT CHARSET=utf8;
/*!40101 SET character_set_client = @saved_cs_client */;

--
-- Dumping data for table `zjlzxe`
--

LOCK TABLES `zjlzxe` WRITE;
/*!40000 ALTER TABLE `zjlzxe` DISABLE KEYS */;
INSERT INTO `zjlzxe` VALUES ('1',500000000.00,500000000.00,'1');
/*!40000 ALTER TABLE `zjlzxe` ENABLE KEYS */;
UNLOCK TABLES;
/*!40103 SET TIME_ZONE=@OLD_TIME_ZONE */;

/*!40101 SET SQL_MODE=@OLD_SQL_MODE */;
/*!40014 SET FOREIGN_KEY_CHECKS=@OLD_FOREIGN_KEY_CHECKS */;
/*!40014 SET UNIQUE_CHECKS=@OLD_UNIQUE_CHECKS */;
/*!40101 SET CHARACTER_SET_CLIENT=@OLD_CHARACTER_SET_CLIENT */;
/*!40101 SET CHARACTER_SET_RESULTS=@OLD_CHARACTER_SET_RESULTS */;
/*!40101 SET COLLATION_CONNECTION=@OLD_COLLATION_CONNECTION */;
/*!40111 SET SQL_NOTES=@OLD_SQL_NOTES */;

-- Dump completed on 2015-01-31 21:47:39
